{
    "CO2_removed_mean_g": 25624.007759453874,
    "CO2_removed_std_g": 9116.01227766379,
    "CO2_removed_min_g": 6913.764844851221,
    "CO2_removed_max_g": 44456.53550316932,
    "CO_removed_mean_ug": 1318783.0320512445,
    "CO_removed_std_ug": 424499.31313912425,
    "PM10_removed_mean_ug": 3722583.504523627,
    "PM10_removed_std_ug": 1867689.7720044132,
    "PM25_removed_mean_ug": 1620991.3943383722,
    "PM25_removed_std_ug": 867351.8075453071,
    "O2_produced_mean_g": 18449.285586806785,
    "O2_produced_std_g": 6563.528839917929
}